{"HalfCheetah-v4|5000|42": {"mean": [-0.08826905404331038, 0.14332143417898918, 0.007630643534629498, 0.026607792721492746, -0.007040489984788803, 0.02078950795933058, -0.04724931324880027, -0.04146980798424397, -0.0888255163072406, -0.03411951398942282, 0.03571993452897824, 0.02206539788047146, -0.05453799830845991, 0.030418442542079805, 0.011289126221346571, 0.02744495088691582, 0.0015842962163352078], "std": [0.08279693269968015, 0.37019917617905007, 0.25461286121842974, 0.27420954241903145, 0.2655384233251572, 0.32719154825077046, 0.2998157698247915, 0.2841752122128115, 0.7488241269152632, 0.7775609202516531, 1.603274690206791, 5.5997624440933365, 6.7805631327751215, 6.940622289450746, 6.315011679687525, 6.536087527878023, 6.034841589919266]}, "Walker2d-v4|5000|42": {"mean": [1.1899144832193795, -0.40204847291482304, -0.2588510308912957, -0.3292197208412494, 0.2759974752490222, -0.26001709090628256, -0.32610394099102175, 0.27026503104931104, -0.896301497167723, -1.0734645717137077, -5.190851023037515, -3.4356132490040965, -3.2140476347660027, 1.299000816926498, -3.453214209833934, -3.1814700150539603, 1.2392394600801844], "std": [0.06537589651223831, 0.32731340692928707, 0.3099995162239479, 0.43804924736508744, 0.3979906656246513, 0.3097635977338777, 0.43596309551191703, 0.40710892181265473, 0.5368985959391968, 1.0523851975985765, 4.607078311238907, 6.020582515144425, 5.32741837282086, 7.4218464823778625, 6.007318698794045, 5.296171191480969, 7.419943406654365]}, "Ant-v4|5000|42": {"mean": [0.6765987114672863, 0.8113420701044726, 0.0039027725048098824, -0.0003711939964425399, -0.010863007000128504, -0.0001454251035475107, 0.8733174842541819, -0.0011688348284702359, -0.8735029957241481, 0.0026207351183216787, -0.8732806698361797, 0.0010296700112088339, 0.8727738505559145, -0.00538790229983652, 0.0028704200662084973, 0.050402863395376224, -0.0038412428425738418, -0.005578153783669984, -0.008943614397049904, 0.0006868911561573783, 0.21192906714061546, 0.0008396421629065388, -0.20963473821562256, 0.002396471706362662, -0.20958399168457212, 0.002167617413606434, 0.21658945770635127], "std": [0.13257999270197746, 0.30676856305421296, 0.1758697698378692, 0.17304585248541743, 0.43198226428371983, 0.4074210932940837, 0.2874410149137926, 0.407791876562572, 0.28775037614545035, 0.4072328752980623, 0.2877342972859238, 0.4074730900450504, 0.2878221511527614, 0.8019133243219907, 0.7992426677336499, 0.9359342975900588, 1.6855211456414634, 1.685092187287185, 1.8431045892531872, 4.5643211316581755, 4.330454197767681, 4.566847877567139, 4.325660233269403, 4.559378286566704, 4.326824383619729, 4.55104814704269, 4.3413229603330965]}, "Humanoid-v4|5000|42": {"mean": [1.2308572554376889, 0.9864690076452579, 0.0011174112850172364, 0.010391197460072348, 2.1036431933459797e-05, -0.0009311325655963603, -0.1579519524815117, -0.0017925120100601268, -0.011837214829194382, -0.018681412819410135, -0.13147991863173966, -0.8421712376399735, -0.011518348117387825, -0.016787869468283895, -0.13126421113075393, -0.8320510292534716, 0.12198041377722603, -0.07494622082480473, -0.12129223190402305, -0.12104043107355204, 0.07575341301153872, -0.1258179837399075, -0.09196925583355493, -0.0024101152670472693, -1.1972476373860523, 0.006493188882997049, -0.13580967820735668, -0.0037498737435303947, 0.002187095722790337, -0.7831128260865653, -0.0037031770304573274, -0.1514313451735765, -0.1016166443282504, -0.6122855595981711, -5.222535679805677, -0.13125984084719716, -0.10310405171258209, -0.6251755891249248, -5.161344596098903, 0.6869305149980679, -0.5335914068495745, -0.6736927243926721, -0.6998685827822205, 0.5328456864854442, -0.6900541360607106, 0.0, 0.0, 0.0, 0.0, 0.0, 0.0, 0.0, 0.0, 0.0, 0.0, 2.049595722415971, 2.0610963512729366, 0.08890187803179674, -0.0004160289625360042, 0.15131466572993063, 0.0019907672740727507, -0.34777447548884116, -0.003811429404436222, 4.079817793744632, 8.907462370470716, 0.08157375682937842, 0.08068603145567774, 0.017348940199379305, 5.927214739165515e-05, 0.016373201968513208, -9.222540381973608e-05, -0.09543613012752351, 0.0004198972721682255, 0.39542255207285526, 2.2619467105833766, 0.060334687651912404, 0.05071567076258629, 0.07603603875408518, 8.244174530444958e-05, 0.005010000521237341, -2.065907042983457e-05, -0.25893321990832896, 0.0017199798346081653, 0.08914431703073115, 6.616194128445546, 0.2674758469480114, 0.24415188546693478, 0.07911617497545712, 0.013417127113781648, 0.038589239409031896, -0.08024034162656477, 0.13378430832437793, -0.4548818691855758, -0.8490564874455384, 4.751750928812816, 0.7564111839453067, 0.7474708609239944, 0.051542877610709394, 0.0038204766123015976, 0.0013192214152096713, -0.131182170911065, 0.025743321793916307, -0.26267693898198435, -1.3812148260830317, 2.7556961671809197, 0.8000637241958406, 0.8051802214219734, 0.047752852935701015, -0.012203829501167352, -0.07875031519590546, -0.10978558429919429, -0.13431128987718743, -0.16831041445110612, -1.148689337210948, 1.7671458676412937, 0.2676305866042037, 0.24404507009493062, 0.07915298712773265, -0.013574329397398168, 0.03880444511715334, 0.0803995348735401, 0.13525356429779145, 0.4556947742195429, -0.8491161925300016, 4.751750928812816, 0.7604385171000443, 0.7510787971625414, 0.05120476385066163, -0.0038112368505824777, 0.0018058331676615261, 0.1318286610171283, 0.02701460683219216, 0.26303446146004844, -1.3857433218695483, 2.7556961671809197, 0.8058039872389298, 0.8102284972169432, 0.04735896292402979, 0.012305896047517686, -0.0788974358627657, 0.11080017361811105, -0.13327936320189065, 0.16914141276542446, -1.1547181293466229, 1.7671458676412937, 0.36747766345696936, 0.2809500107538351, 0.10999490974327933, 0.015723370761694236, -0.016399525889533702, 0.15017217515401463, 0.046370266742269496, -0.3902673978586868, 0.6548766414169122, 1.6610804848338105, 0.25605122990823265, 0.2610128291791779, 0.14742448650300907, 0.060588919027715994, -0.11099128800941309, 0.10119982155070721, 0.2774921709922871, -0.2817765633873099, 0.4464663218353511, 1.2295401928302552, 0.3682506116077484, 0.28213637334105457, 0.1097186373861431, -0.01589978540729603, -0.01642010423654653, -0.1501103329506636, 0.04653328441979974, 0.38938224754690665, 0.6563579583164498, 1.6610804848338105, 0.25633014997204007, 0.261541097569322, 0.14790615078236638, -0.060746773346323016, -0.11106903987743762, -0.1010838638298164, 0.2775429552011326, 0.2823318401703964, 0.4464527100688225, 1.2295401928302552, 0.0, 0.0, 0.0, 0.0, 0.0, 0.0, 0.008470843057698178, -0.14511357909326625, -0.0024645045689220906, -0.04238195385853416, 0.0009373019547011898, -1.1446302208139565, 0.00902478454035496, -0.9155333007911782, -0.002601971106443599, 0.15203376449346226, 0.0008437020741693894, -1.0761850444507362, 0.00528427116545739, -0.929750634790317, -0.0007142152939427832, 0.151858839905013, 0.0001528618799900881, -1.0594510660034937, -0.1811983103398833, -1.5166498555586765, -0.12139406340741775, 0.15938396016405612, 0.011800372677971464, -1.0318604007053216, -0.00489439430055137, 3.526785712372465, -0.17237890960709384, 2.0540333547456253, -0.030626190939297897, -0.43138217637997756, -0.00489439430055137, 3.526785712372465, -0.17237890960709384, 2.0540333547456253, -0.030626190939297897, -0.43138217637997756, 0.16516956604565253, -1.529450750033344, 0.11480153105985773, 0.1586366779984631, -0.010442828039107243, -1.030670215169421, 0.0074214585928362165, 3.4615764092875376, 0.15788703821886146, 2.035313922330663, 0.026906269776327315, -0.44418629350067473, 0.0074214585928362165, 3.4615764092875376, 0.15788703821886146, 2.035313922330663, 0.026906269776327315, -0.44418629350067473, 0.49213549910494775, 0.5860621734976749, 0.026399166963087174, -0.39381019657026933, 0.23327914633711125, -1.1177233067500782, 0.35319621925970834, 1.112610565074939, -0.28582573769770486, -0.4221834940347697, 0.23695862186276848, -1.1223779964946325, -0.48655923445599675, 0.5926039345162046, -0.023096798914511798, -0.3976799736492255, 